datetime_hour;Tarbimine;consumption_hourly;our_src_datetime;our_src_path;our_src_date;our_src_label;elering_forecast;viga;viga_protsent;Ajatempel (UTC)
2025-09-18 21:00:00;724.3;730.8935147155939;2025-09-18 21:00:00;forecast_consumption_hourly_next7_tallinn_20250919_20250925.csv;2025-09-18;2025-09-18;;6.593514715593983;0.9103292441797575;1758229200
2025-09-18 22:00:00;668.0;682.1251447017653;2025-09-18 21:00:00;forecast_consumption_hourly_next7_tallinn_20250919_20250925.csv;2025-09-18;2025-09-18;;14.125144701765294;2.1145426200247446;1758232800
2025-09-18 23:00:00;627.0;666.3811933337329;2025-09-18 21:00:00;forecast_consumption_hourly_next7_tallinn_20250919_20250925.csv;2025-09-18;2025-09-18;;39.38119333373288;6.280892078745276;1758236400
2025-09-19 00:00:00;627.4;667.0863654891164;2025-09-18 21:00:00;forecast_consumption_hourly_next7_tallinn_20250919_20250925.csv;2025-09-18;2025-09-18;;39.68636548911638;6.325528449014406;1758240000
2025-09-19 01:00:00;650.4;669.1982164935035;2025-09-18 21:00:00;forecast_consumption_hourly_next7_tallinn_20250919_20250925.csv;2025-09-18;2025-09-18;;18.79821649350356;2.8902546884230564;1758243600
2025-09-19 02:00:00;673.9;687.881803215049;2025-09-18 21:00:00;forecast_consumption_hourly_next7_tallinn_20250919_20250925.csv;2025-09-18;2025-09-18;;13.981803215049013;2.074759343381661;1758247200
2025-09-19 03:00:00;768.0;764.9493750844774;2025-09-18 21:00:00;forecast_consumption_hourly_next7_tallinn_20250919_20250925.csv;2025-09-18;2025-09-18;;-3.050624915522576;-0.39721678587533543;1758250800
2025-09-19 04:00:00;869.5;876.3062374234925;2025-09-18 21:00:00;forecast_consumption_hourly_next7_tallinn_20250919_20250925.csv;2025-09-18;2025-09-18;;6.806237423492462;0.7827760119025258;1758254400
2025-09-19 05:00:00;953.8;942.2813620250388;2025-09-18 21:00:00;forecast_consumption_hourly_next7_tallinn_20250919_20250925.csv;2025-09-18;2025-09-18;;-11.518637974961166;-1.2076575775803278;1758258000
2025-09-19 06:00:00;956.4;959.6658326092328;2025-09-18 21:00:00;forecast_consumption_hourly_next7_tallinn_20250919_20250925.csv;2025-09-18;2025-09-18;;3.2658326092328025;0.341471414599833;1758261600
2025-09-19 07:00:00;931.7;935.3649819562996;2025-09-18 21:00:00;forecast_consumption_hourly_next7_tallinn_20250919_20250925.csv;2025-09-18;2025-09-18;;3.6649819562995845;0.39336502697215675;1758265200
2025-09-19 08:00:00;919.1;986.557317076966;2025-09-18 21:00:00;forecast_consumption_hourly_next7_tallinn_20250919_20250925.csv;2025-09-18;2025-09-18;;67.45731707696598;7.339497016316611;1758268800
2025-09-19 09:00:00;889.1;961.3595654015562;2025-09-18 21:00:00;forecast_consumption_hourly_next7_tallinn_20250919_20250925.csv;2025-09-18;2025-09-18;;72.25956540155619;8.127270880840872;1758272400
2025-09-19 10:00:00;958.9;956.383535973774;2025-09-18 21:00:00;forecast_consumption_hourly_next7_tallinn_20250919_20250925.csv;2025-09-18;2025-09-18;;-2.5164640262260036;-0.26243237315945395;1758276000
2025-09-19 11:00:00;883.3;932.4972964279676;2025-09-18 21:00:00;forecast_consumption_hourly_next7_tallinn_20250919_20250925.csv;2025-09-18;2025-09-18;;49.19729642796767;5.569715433937243;1758279600
2025-09-19 12:00:00;795.2;915.8312201275196;2025-09-18 21:00:00;forecast_consumption_hourly_next7_tallinn_20250919_20250925.csv;2025-09-18;2025-09-18;;120.63122012751955;15.169922048229319;1758283200
2025-09-19 13:00:00;759.1;880.0700490714677;2025-09-18 21:00:00;forecast_consumption_hourly_next7_tallinn_20250919_20250925.csv;2025-09-18;2025-09-18;;120.97004907146766;15.935983279076229;1758286800
2025-09-19 14:00:00;800.1;871.3072165917961;2025-09-18 21:00:00;forecast_consumption_hourly_next7_tallinn_20250919_20250925.csv;2025-09-18;2025-09-18;;71.20721659179605;8.899789600274472;1758290400
2025-09-19 15:00:00;856.2;886.9585212429688;2025-09-18 21:00:00;forecast_consumption_hourly_next7_tallinn_20250919_20250925.csv;2025-09-18;2025-09-18;;30.758521242968754;3.592445835431996;1758294000
2025-09-19 16:00:00;867.2;880.6130993733975;2025-09-18 21:00:00;forecast_consumption_hourly_next7_tallinn_20250919_20250925.csv;2025-09-18;2025-09-18;;13.413099373397472;1.5467134886297822;1758297600
2025-09-19 17:00:00;863.3;874.3398741229412;2025-09-18 21:00:00;forecast_consumption_hourly_next7_tallinn_20250919_20250925.csv;2025-09-18;2025-09-18;;11.039874122941228;1.2787992728994821;1758301200
2025-09-19 18:00:00;878.3;857.9086040794501;2025-09-18 21:00:00;forecast_consumption_hourly_next7_tallinn_20250919_20250925.csv;2025-09-18;2025-09-18;;-20.391395920549826;-2.3216891632186982;1758304800
2025-09-19 19:00:00;799.3;816.955690715952;2025-09-18 21:00:00;forecast_consumption_hourly_next7_tallinn_20250919_20250925.csv;2025-09-18;2025-09-18;;17.655690715952005;2.20889412185062;1758308400
2025-09-19 20:00:00;784.1;755.8339827469423;2025-09-18 21:00:00;forecast_consumption_hourly_next7_tallinn_20250919_20250925.csv;2025-09-18;2025-09-18;;-28.266017253057726;-3.604899534888117;1758312000
2025-09-19 21:00:00;734.7;677.5384476094622;2025-09-19 21:00:00;forecast_consumption_hourly_next7_tallinn_20250920_20250926.csv;2025-09-19;2025-09-19;;-57.16155239053785;-7.780257573232319;1758315600
2025-09-19 22:00:00;727.5;644.7015240897159;2025-09-19 21:00:00;forecast_consumption_hourly_next7_tallinn_20250920_20250926.csv;2025-09-19;2025-09-19;;-82.79847591028408;-11.381233802100905;1758319200
2025-09-19 23:00:00;684.7;624.0201164202656;2025-09-19 21:00:00;forecast_consumption_hourly_next7_tallinn_20250920_20250926.csv;2025-09-19;2025-09-19;;-60.67988357973445;-8.862258445995975;1758322800
2025-09-20 00:00:00;686.1;611.0461494790037;2025-09-19 21:00:00;forecast_consumption_hourly_next7_tallinn_20250920_20250926.csv;2025-09-19;2025-09-19;;-75.05385052099632;-10.939199901034298;1758326400
2025-09-20 01:00:00;682.6;608.6927242215169;2025-09-19 21:00:00;forecast_consumption_hourly_next7_tallinn_20250920_20250926.csv;2025-09-19;2025-09-19;;-73.90727577848315;-10.82731845568168;1758330000
2025-09-20 02:00:00;685.8;614.248621481103;2025-09-19 21:00:00;forecast_consumption_hourly_next7_tallinn_20250920_20250926.csv;2025-09-19;2025-09-19;;-71.55137851889697;-10.43327187502143;1758333600
2025-09-20 03:00:00;713.4;638.1596710824099;2025-09-19 21:00:00;forecast_consumption_hourly_next7_tallinn_20250920_20250926.csv;2025-09-19;2025-09-19;;-75.24032891759009;-10.546723986205507;1758337200
2025-09-20 04:00:00;750.3;698.9926128287747;2025-09-19 21:00:00;forecast_consumption_hourly_next7_tallinn_20250920_20250926.csv;2025-09-19;2025-09-19;;-51.30738717122529;-6.838249656300852;1758340800
2025-09-20 05:00:00;811.7;745.2228402036283;2025-09-19 21:00:00;forecast_consumption_hourly_next7_tallinn_20250920_20250926.csv;2025-09-19;2025-09-19;;-66.47715979637178;-8.189868152811602;1758344400
2025-09-20 06:00:00;915.2;793.3753616511112;2025-09-19 21:00:00;forecast_consumption_hourly_next7_tallinn_20250920_20250926.csv;2025-09-19;2025-09-19;;-121.82463834888881;-13.311258560848863;1758348000
2025-09-20 07:00:00;972.4;805.6165430750382;2025-09-19 21:00:00;forecast_consumption_hourly_next7_tallinn_20250920_20250926.csv;2025-09-19;2025-09-19;;-166.7834569249618;-17.151733538149095;1758351600
2025-09-20 08:00:00;997.2;832.3039506195416;2025-09-19 21:00:00;forecast_consumption_hourly_next7_tallinn_20250920_20250926.csv;2025-09-19;2025-09-19;;-164.8960493804584;-16.535905473371283;1758355200
2025-09-20 09:00:00;1000.8;858.3704477619846;2025-09-19 21:00:00;forecast_consumption_hourly_next7_tallinn_20250920_20250926.csv;2025-09-19;2025-09-19;;-142.4295522380154;-14.231569967827278;1758358800
2025-09-20 10:00:00;983.8;862.5795357169558;2025-09-19 21:00:00;forecast_consumption_hourly_next7_tallinn_20250920_20250926.csv;2025-09-19;2025-09-19;;-121.22046428304418;-12.321657276178511;1758362400
2025-09-20 11:00:00;971.7;849.136658295856;2025-09-19 21:00:00;forecast_consumption_hourly_next7_tallinn_20250920_20250926.csv;2025-09-19;2025-09-19;;-122.56334170414402;-12.613290285493878;1758366000
2025-09-20 12:00:00;937.2;808.2920254997521;2025-09-19 21:00:00;forecast_consumption_hourly_next7_tallinn_20250920_20250926.csv;2025-09-19;2025-09-19;;-128.90797450024797;-13.754585414025605;1758369600
2025-09-20 13:00:00;899.0;781.5165232283671;2025-09-19 21:00:00;forecast_consumption_hourly_next7_tallinn_20250920_20250926.csv;2025-09-19;2025-09-19;;-117.48347677163292;-13.068239907856832;1758373200
2025-09-20 14:00:00;881.3;774.3284701353846;2025-09-19 21:00:00;forecast_consumption_hourly_next7_tallinn_20250920_20250926.csv;2025-09-19;2025-09-19;;-106.97152986461538;-12.137924641395141;1758376800
2025-09-20 15:00:00;869.9;766.5597930136721;2025-09-19 21:00:00;forecast_consumption_hourly_next7_tallinn_20250920_20250926.csv;2025-09-19;2025-09-19;;-103.34020698632787;-11.87955017660971;1758380400
2025-09-20 16:00:00;899.4;777.0856814267406;2025-09-19 21:00:00;forecast_consumption_hourly_next7_tallinn_20250920_20250926.csv;2025-09-19;2025-09-19;;-122.31431857325936;-13.599546205610336;1758384000
2025-09-20 17:00:00;906.6;769.8193448296793;2025-09-19 21:00:00;forecast_consumption_hourly_next7_tallinn_20250920_20250926.csv;2025-09-19;2025-09-19;;-136.78065517032076;-15.087211026949124;1758387600
2025-09-20 18:00:00;851.1;758.8395158103141;2025-09-19 21:00:00;forecast_consumption_hourly_next7_tallinn_20250920_20250926.csv;2025-09-19;2025-09-19;;-92.26048418968594;-10.84014618607519;1758391200
2025-09-20 19:00:00;796.8;732.3196685897866;2025-09-19 21:00:00;forecast_consumption_hourly_next7_tallinn_20250920_20250926.csv;2025-09-19;2025-09-19;;-64.48033141021335;-8.092411070558905;1758394800
2025-09-20 20:00:00;748.3;690.5537729299352;2025-09-19 21:00:00;forecast_consumption_hourly_next7_tallinn_20250920_20250926.csv;2025-09-19;2025-09-19;;-57.74622707006472;-7.716988783918846;1758398400
2025-09-20 21:00:00;708.0;651.4789116056397;2025-09-19 21:00:00;forecast_consumption_hourly_next7_tallinn_20250920_20250926.csv;2025-09-19;2025-09-19;;-56.52108839436028;-7.983204575474615;1758402000
2025-09-20 22:00:00;681.6;617.3603881800967;2025-09-19 21:00:00;forecast_consumption_hourly_next7_tallinn_20250920_20250926.csv;2025-09-19;2025-09-19;;-64.2396118199033;-9.424825677802714;1758405600
2025-09-20 23:00:00;659.7;601.0498011197127;2025-09-19 21:00:00;forecast_consumption_hourly_next7_tallinn_20250920_20250926.csv;2025-09-19;2025-09-19;;-58.65019888028735;-8.890434876502553;1758409200
2025-09-21 00:00:00;645.9;590.9743272191813;2025-09-19 21:00:00;forecast_consumption_hourly_next7_tallinn_20250920_20250926.csv;2025-09-19;2025-09-19;;-54.92567278081867;-8.503742495869124;1758412800
2025-09-21 01:00:00;649.5;588.5788732150742;2025-09-19 21:00:00;forecast_consumption_hourly_next7_tallinn_20250920_20250926.csv;2025-09-19;2025-09-19;;-60.92112678492583;-9.379696194753786;1758416400
2025-09-21 02:00:00;653.1;591.3869409590352;2025-09-19 21:00:00;forecast_consumption_hourly_next7_tallinn_20250920_20250926.csv;2025-09-19;2025-09-19;;-61.71305904096482;-9.449251116362703;1758420000
2025-09-21 03:00:00;679.2;612.1424853395722;2025-09-19 21:00:00;forecast_consumption_hourly_next7_tallinn_20250920_20250926.csv;2025-09-19;2025-09-19;;-67.05751466042784;-9.87301452597583;1758423600
2025-09-21 04:00:00;740.7;664.7691772936016;2025-09-19 21:00:00;forecast_consumption_hourly_next7_tallinn_20250920_20250926.csv;2025-09-19;2025-09-19;;-75.93082270639843;-10.251224882732338;1758427200
2025-09-21 05:00:00;813.4;714.2102034425002;2025-09-19 21:00:00;forecast_consumption_hourly_next7_tallinn_20250920_20250926.csv;2025-09-19;2025-09-19;;-99.18979655749979;-12.194467243361174;1758430800
2025-09-21 06:00:00;882.8;759.7753797690094;2025-09-19 21:00:00;forecast_consumption_hourly_next7_tallinn_20250920_20250926.csv;2025-09-19;2025-09-19;;-123.02462023099054;-13.935729523220497;1758434400
2025-09-21 07:00:00;911.5;810.4720718642538;2025-09-19 21:00:00;forecast_consumption_hourly_next7_tallinn_20250920_20250926.csv;2025-09-19;2025-09-19;;-101.02792813574615;-11.083700289165787;1758438000
2025-09-21 08:00:00;801.3;789.7665767102088;2025-09-19 21:00:00;forecast_consumption_hourly_next7_tallinn_20250920_20250926.csv;2025-09-19;2025-09-19;;-11.53342328979113;-1.4393389853726608;1758441600
2025-09-21 09:00:00;746.6;752.8521122541576;2025-09-19 21:00:00;forecast_consumption_hourly_next7_tallinn_20250920_20250926.csv;2025-09-19;2025-09-19;;6.252112254157623;0.8374112314703487;1758445200
2025-09-21 10:00:00;845.8;776.7673832211988;2025-09-19 21:00:00;forecast_consumption_hourly_next7_tallinn_20250920_20250926.csv;2025-09-19;2025-09-19;;-69.03261677880118;-8.1618132866873;1758448800
2025-09-21 11:00:00;802.4;778.1999764511945;2025-09-19 21:00:00;forecast_consumption_hourly_next7_tallinn_20250920_20250926.csv;2025-09-19;2025-09-19;;-24.20002354880546;-3.015955078365586;1758452400
2025-09-21 12:00:00;740.5;751.6679466558827;2025-09-19 21:00:00;forecast_consumption_hourly_next7_tallinn_20250920_20250926.csv;2025-09-19;2025-09-19;;11.167946655882702;1.5081629515034034;1758456000
2025-09-21 13:00:00;736.4;753.3967682003582;2025-09-19 21:00:00;forecast_consumption_hourly_next7_tallinn_20250920_20250926.csv;2025-09-19;2025-09-19;;16.996768200358247;2.308089109228442;1758459600
2025-09-21 14:00:00;761.3;744.5689125465979;2025-09-19 21:00:00;forecast_consumption_hourly_next7_tallinn_20250920_20250926.csv;2025-09-19;2025-09-19;;-16.731087453402097;-2.1976996523580845;1758463200
2025-09-21 15:00:00;848.4;752.7699232270696;2025-09-19 21:00:00;forecast_consumption_hourly_next7_tallinn_20250920_20250926.csv;2025-09-19;2025-09-19;;-95.63007677293035;-11.271814801146906;1758466800
2025-09-21 16:00:00;901.0;772.4760823341032;2025-09-19 21:00:00;forecast_consumption_hourly_next7_tallinn_20250920_20250926.csv;2025-09-19;2025-09-19;;-128.52391766589676;-14.264585756481328;1758470400
2025-09-21 17:00:00;920.7;770.8841827964327;2025-09-19 21:00:00;forecast_consumption_hourly_next7_tallinn_20250920_20250926.csv;2025-09-19;2025-09-19;;-149.81581720356735;-16.271947127573295;1758474000
2025-09-21 18:00:00;862.9;774.9339041595119;2025-09-19 21:00:00;forecast_consumption_hourly_next7_tallinn_20250920_20250926.csv;2025-09-19;2025-09-19;;-87.96609584048804;-10.19423987026168;1758477600
2025-09-21 19:00:00;793.9;739.8181156739194;2025-09-19 21:00:00;forecast_consumption_hourly_next7_tallinn_20250920_20250926.csv;2025-09-19;2025-09-19;;-54.081884326080626;-6.812178401068223;1758481200
2025-09-21 20:00:00;738.2;684.1995557616877;2025-09-19 21:00:00;forecast_consumption_hourly_next7_tallinn_20250920_20250926.csv;2025-09-19;2025-09-19;;-54.0004442383123;-7.315150939896004;1758484800
2025-09-21 21:00:00;717.1;659.6439749358033;2025-09-19 21:00:00;forecast_consumption_hourly_next7_tallinn_20250920_20250926.csv;2025-09-19;2025-09-19;;-57.45602506419675;-8.012275144916574;1758488400
2025-09-21 22:00:00;679.0;627.3162819284474;2025-09-19 21:00:00;forecast_consumption_hourly_next7_tallinn_20250920_20250926.csv;2025-09-19;2025-09-19;;-51.68371807155256;-7.611740511274309;1758492000
2025-09-21 23:00:00;652.3;617.0345626091008;2025-09-19 21:00:00;forecast_consumption_hourly_next7_tallinn_20250920_20250926.csv;2025-09-19;2025-09-19;;-35.26543739089914;-5.406321844381288;1758495600
2025-09-22 00:00:00;653.0;612.7542462225393;2025-09-19 21:00:00;forecast_consumption_hourly_next7_tallinn_20250920_20250926.csv;2025-09-19;2025-09-19;;-40.24575377746066;-6.163208848003165;1758499200
2025-09-22 01:00:00;664.1;617.4731428851294;2025-09-19 21:00:00;forecast_consumption_hourly_next7_tallinn_20250920_20250926.csv;2025-09-19;2025-09-19;;-46.62685711487063;-7.021059646871048;1758502800
2025-09-22 02:00:00;696.1;642.1838667668798;2025-09-19 21:00:00;forecast_consumption_hourly_next7_tallinn_20250920_20250926.csv;2025-09-19;2025-09-19;;-53.91613323312026;-7.745458013664741;1758506400
2025-09-22 03:00:00;788.7;728.1995541761182;2025-09-19 21:00:00;forecast_consumption_hourly_next7_tallinn_20250920_20250926.csv;2025-09-19;2025-09-19;;-60.50044582388182;-7.670907293505999;1758510000
2025-09-22 04:00:00;973.7;840.8272084130939;2025-09-19 21:00:00;forecast_consumption_hourly_next7_tallinn_20250920_20250926.csv;2025-09-19;2025-09-19;;-132.87279158690615;-13.646173522327837;1758513600
2025-09-22 05:00:00;1057.0;923.0066475142338;2025-09-19 21:00:00;forecast_consumption_hourly_next7_tallinn_20250920_20250926.csv;2025-09-19;2025-09-19;;-133.9933524857662;-12.676759932428212;1758517200
2025-09-22 06:00:00;1055.4;969.0299856362916;2025-09-19 21:00:00;forecast_consumption_hourly_next7_tallinn_20250920_20250926.csv;2025-09-19;2025-09-19;;-86.37001436370849;-8.183628421802965;1758520800
2025-09-22 07:00:00;1123.5;976.0755862421234;2025-09-19 21:00:00;forecast_consumption_hourly_next7_tallinn_20250920_20250926.csv;2025-09-19;2025-09-19;;-147.42441375787655;-13.121888184946734;1758524400
2025-09-22 08:00:00;1103.2;966.9637904748042;2025-09-19 21:00:00;forecast_consumption_hourly_next7_tallinn_20250920_20250926.csv;2025-09-19;2025-09-19;;-136.23620952519582;-12.349185054858212;1758528000
2025-09-22 09:00:00;1066.3;974.5719344657816;2025-09-19 21:00:00;forecast_consumption_hourly_next7_tallinn_20250920_20250926.csv;2025-09-19;2025-09-19;;-91.72806553421833;-8.602463240571916;1758531600
2025-09-22 10:00:00;1099.3;974.2019019085784;2025-09-19 21:00:00;forecast_consumption_hourly_next7_tallinn_20250920_20250926.csv;2025-09-19;2025-09-19;;-125.09809809142155;-11.379796060349454;1758535200
2025-09-22 11:00:00;1068.7;958.4288427982292;2025-09-19 21:00:00;forecast_consumption_hourly_next7_tallinn_20250920_20250926.csv;2025-09-19;2025-09-19;;-110.27115720177085;-10.318251820133886;1758538800
2025-09-22 12:00:00;971.3;928.0642770831072;2025-09-19 21:00:00;forecast_consumption_hourly_next7_tallinn_20250920_20250926.csv;2025-09-19;2025-09-19;;-43.23572291689277;-4.451325328620691;1758542400
2025-09-22 13:00:00;817.9;883.4985300945538;2025-09-19 21:00:00;forecast_consumption_hourly_next7_tallinn_20250920_20250926.csv;2025-09-19;2025-09-19;;65.59853009455378;8.02036069135026;1758546000
2025-09-22 14:00:00;844.0;859.2008668816588;2025-09-19 21:00:00;forecast_consumption_hourly_next7_tallinn_20250920_20250926.csv;2025-09-19;2025-09-19;;15.20086688165884;1.801050578395597;1758549600
2025-09-22 15:00:00;893.7;865.0148759549106;2025-09-19 21:00:00;forecast_consumption_hourly_next7_tallinn_20250920_20250926.csv;2025-09-19;2025-09-19;;-28.685124045089424;-3.2097039325376997;1758553200
2025-09-22 16:00:00;928.6;868.0625138022175;2025-09-19 21:00:00;forecast_consumption_hourly_next7_tallinn_20250920_20250926.csv;2025-09-19;2025-09-19;;-60.53748619778253;-6.519220999115069;1758556800
2025-09-22 17:00:00;928.7;848.9213772911859;2025-09-19 21:00:00;forecast_consumption_hourly_next7_tallinn_20250920_20250926.csv;2025-09-19;2025-09-19;;-79.77862270881417;-8.590354550319173;1758560400
2025-09-22 18:00:00;890.1;837.6776392904701;2025-09-19 21:00:00;forecast_consumption_hourly_next7_tallinn_20250920_20250926.csv;2025-09-19;2025-09-19;;-52.422360709529926;-5.8894911481327865;1758564000
2025-09-22 19:00:00;838.8;800.2201574575661;2025-09-19 21:00:00;forecast_consumption_hourly_next7_tallinn_20250920_20250926.csv;2025-09-19;2025-09-19;;-38.57984254243388;-4.599408982169037;1758567600
2025-09-22 20:00:00;763.1;734.1582351671743;2025-09-19 21:00:00;forecast_consumption_hourly_next7_tallinn_20250920_20250926.csv;2025-09-19;2025-09-19;;-28.941764832825697;-3.7926569037905513;1758571200
2025-09-22 21:00:00;712.5;737.8917135470194;2025-09-22 21:00:00;forecast_consumption_hourly_next7_tallinn_20250923_20250929.csv;2025-09-22;2025-09-22;;25.391713547019435;3.5637492697571136;1758574800
2025-09-22 22:00:00;706.1;703.0038746072155;2025-09-22 21:00:00;forecast_consumption_hourly_next7_tallinn_20250923_20250929.csv;2025-09-22;2025-09-22;;-3.096125392784529;-0.4384825651868757;1758578400
2025-09-22 23:00:00;671.1;681.5650915745906;2025-09-22 21:00:00;forecast_consumption_hourly_next7_tallinn_20250923_20250929.csv;2025-09-22;2025-09-22;;10.465091574590588;1.5593937676338232;1758582000
2025-09-23 00:00:00;661.2;672.9703270272572;2025-09-22 21:00:00;forecast_consumption_hourly_next7_tallinn_20250923_20250929.csv;2025-09-22;2025-09-22;;11.770327027257167;1.7801462533661776;1758585600
2025-09-23 01:00:00;660.7;678.1625436602318;2025-09-22 21:00:00;forecast_consumption_hourly_next7_tallinn_20250923_20250929.csv;2025-09-22;2025-09-22;;17.462543660231745;2.643036727748107;1758589200
2025-09-23 02:00:00;706.5;710.4775577021479;2025-09-22 21:00:00;forecast_consumption_hourly_next7_tallinn_20250923_20250929.csv;2025-09-22;2025-09-22;;3.9775577021479194;0.5629947207569596;1758592800
2025-09-23 03:00:00;802.9;810.2349264578994;2025-09-22 21:00:00;forecast_consumption_hourly_next7_tallinn_20250923_20250929.csv;2025-09-22;2025-09-22;;7.334926457899428;0.9135541733590021;1758596400
2025-09-23 04:00:00;975.4;937.1509411863278;2025-09-22 21:00:00;forecast_consumption_hourly_next7_tallinn_20250923_20250929.csv;2025-09-22;2025-09-22;;-38.24905881367215;-3.9213716233004052;1758600000
2025-09-23 05:00:00;1021.0;1023.6202518811444;2025-09-22 21:00:00;forecast_consumption_hourly_next7_tallinn_20250923_20250929.csv;2025-09-22;2025-09-22;;2.6202518811444406;0.256635835567526;1758603600
2025-09-23 06:00:00;933.5;1041.8319214647058;2025-09-22 21:00:00;forecast_consumption_hourly_next7_tallinn_20250923_20250929.csv;2025-09-22;2025-09-22;;108.33192146470583;11.60491927849018;1758607200
2025-09-23 07:00:00;877.9;1034.115729763961;2025-09-22 21:00:00;forecast_consumption_hourly_next7_tallinn_20250923_20250929.csv;2025-09-22;2025-09-22;;156.21572976396112;17.794251026763995;1758610800
2025-09-23 08:00:00;854.7;1043.5768649877805;2025-09-22 21:00:00;forecast_consumption_hourly_next7_tallinn_20250923_20250929.csv;2025-09-22;2025-09-22;;188.87686498778044;22.09861530218561;1758614400
2025-09-23 09:00:00;864.3;1051.1819333337894;2025-09-22 21:00:00;forecast_consumption_hourly_next7_tallinn_20250923_20250929.csv;2025-09-22;2025-09-22;;186.88193333378945;21.62234563621306;1758618000
2025-09-23 10:00:00;908.5;1068.2609379766482;2025-09-22 21:00:00;forecast_consumption_hourly_next7_tallinn_20250923_20250929.csv;2025-09-22;2025-09-22;;159.76093797664817;17.58513351421554;1758621600
2025-09-23 11:00:00;876.6;1037.9956751035677;2025-09-22 21:00:00;forecast_consumption_hourly_next7_tallinn_20250923_20250929.csv;2025-09-22;2025-09-22;;161.39567510356767;18.411553171750818;1758625200
2025-09-23 12:00:00;931.1;975.8456014865934;2025-09-22 21:00:00;forecast_consumption_hourly_next7_tallinn_20250923_20250929.csv;2025-09-22;2025-09-22;;44.74560148659339;4.805670871720909;1758628800
2025-09-23 13:00:00;939.3;922.0602971091508;2025-09-22 21:00:00;forecast_consumption_hourly_next7_tallinn_20250923_20250929.csv;2025-09-22;2025-09-22;;-17.239702890849117;-1.8353777164749407;1758632400
2025-09-23 14:00:00;949.7;913.969911509505;2025-09-22 21:00:00;forecast_consumption_hourly_next7_tallinn_20250923_20250929.csv;2025-09-22;2025-09-22;;-35.73008849049506;-3.7622500253232665;1758636000
2025-09-23 15:00:00;953.0;934.308269038786;2025-09-22 21:00:00;forecast_consumption_hourly_next7_tallinn_20250923_20250929.csv;2025-09-22;2025-09-22;;-18.691730961214034;-1.961356868962648;1758639600
2025-09-23 16:00:00;957.0;922.9266495470348;2025-09-22 21:00:00;forecast_consumption_hourly_next7_tallinn_20250923_20250929.csv;2025-09-22;2025-09-22;;-34.0733504529652;-3.560433694144744;1758643200
2025-09-23 17:00:00;958.2;907.0143409573252;2025-09-22 21:00:00;forecast_consumption_hourly_next7_tallinn_20250923_20250929.csv;2025-09-22;2025-09-22;;-51.18565904267484;-5.341855462604346;1758646800
2025-09-23 18:00:00;912.4;904.4973603248404;2025-09-22 21:00:00;forecast_consumption_hourly_next7_tallinn_20250923_20250929.csv;2025-09-22;2025-09-22;;-7.9026396751595485;-0.8661376233186704;1758650400
2025-09-23 19:00:00;863.2;863.1154695564712;2025-09-22 21:00:00;forecast_consumption_hourly_next7_tallinn_20250923_20250929.csv;2025-09-22;2025-09-22;;-0.08453044352881989;-0.009792683448658466;1758654000
2025-09-23 20:00:00;779.1;785.4518101960069;2025-09-22 21:00:00;forecast_consumption_hourly_next7_tallinn_20250923_20250929.csv;2025-09-22;2025-09-22;;6.351810196006909;0.8152753428323589;1758657600
2025-09-23 21:00:00;733.3;811.8948662497111;2025-09-23 21:00:00;forecast_consumption_hourly_next7_tallinn_20250924_20250930.csv;2025-09-23;2025-09-23;;78.59486624971112;10.717968941730687;1758661200
2025-09-23 22:00:00;705.3;781.2202758536883;2025-09-23 21:00:00;forecast_consumption_hourly_next7_tallinn_20250924_20250930.csv;2025-09-23;2025-09-23;;75.9202758536884;10.764252921265902;1758664800
2025-09-23 23:00:00;704.7;758.9228566544355;2025-09-23 21:00:00;forecast_consumption_hourly_next7_tallinn_20250924_20250930.csv;2025-09-23;2025-09-23;;54.22285665443542;7.694459579173466;1758668400
2025-09-24 00:00:00;704.5;753.461088506245;2025-09-23 21:00:00;forecast_consumption_hourly_next7_tallinn_20250924_20250930.csv;2025-09-23;2025-09-23;;48.961088506245005;6.9497641598644435;1758672000
2025-09-24 01:00:00;710.9;758.6733478800131;2025-09-23 21:00:00;forecast_consumption_hourly_next7_tallinn_20250924_20250930.csv;2025-09-23;2025-09-23;;47.77334788001315;6.720122081869905;1758675600
2025-09-24 02:00:00;715.5;777.9332940666424;2025-09-23 21:00:00;forecast_consumption_hourly_next7_tallinn_20250924_20250930.csv;2025-09-23;2025-09-23;;62.43329406664236;8.72582726298286;1758679200
2025-09-24 03:00:00;830.3;898.3325496086006;2025-09-23 21:00:00;forecast_consumption_hourly_next7_tallinn_20250924_20250930.csv;2025-09-23;2025-09-23;;68.03254960860068;8.193731134361157;1758682800
2025-09-24 04:00:00;958.5;1033.549317619911;2025-09-23 21:00:00;forecast_consumption_hourly_next7_tallinn_20250924_20250930.csv;2025-09-23;2025-09-23;;75.04931761991111;7.829871426177476;1758686400
2025-09-24 05:00:00;960.8;1094.8754663349278;2025-09-23 21:00:00;forecast_consumption_hourly_next7_tallinn_20250924_20250930.csv;2025-09-23;2025-09-23;;134.0754663349278;13.954565605217299;1758690000
2025-09-24 06:00:00;849.8;1079.0717669089406;2025-09-23 21:00:00;forecast_consumption_hourly_next7_tallinn_20250924_20250930.csv;2025-09-23;2025-09-23;;229.27176690894066;26.979497165090688;1758693600
2025-09-24 07:00:00;725.2;1065.0975243478106;2025-09-23 21:00:00;forecast_consumption_hourly_next7_tallinn_20250924_20250930.csv;2025-09-23;2025-09-23;;339.89752434781053;46.86948763759108;1758697200
2025-09-24 08:00:00;765.6;1099.5361306825569;2025-09-23 21:00:00;forecast_consumption_hourly_next7_tallinn_20250924_20250930.csv;2025-09-23;2025-09-23;;333.93613068255684;43.61757192823365;1758700800
2025-09-24 09:00:00;748.5;1082.6233581535494;2025-09-23 21:00:00;forecast_consumption_hourly_next7_tallinn_20250924_20250930.csv;2025-09-23;2025-09-23;;334.12335815354936;44.639059205551014;1758704400
2025-09-24 10:00:00;706.7;1105.0083354536882;2025-09-23 21:00:00;forecast_consumption_hourly_next7_tallinn_20250924_20250930.csv;2025-09-23;2025-09-23;;398.3083354536882;56.36172852040303;1758708000
2025-09-24 11:00:00;660.0;1048.2141674839834;2025-09-23 21:00:00;forecast_consumption_hourly_next7_tallinn_20250924_20250930.csv;2025-09-23;2025-09-23;;388.2141674839834;58.82032840666415;1758711600
2025-09-24 12:00:00;684.8;1001.9838475223122;2025-09-23 21:00:00;forecast_consumption_hourly_next7_tallinn_20250924_20250930.csv;2025-09-23;2025-09-23;;317.18384752231225;46.31773474332831;1758715200
2025-09-24 13:00:00;698.3;964.7463750958036;2025-09-23 21:00:00;forecast_consumption_hourly_next7_tallinn_20250924_20250930.csv;2025-09-23;2025-09-23;;266.44637509580366;38.156433495031315;1758718800
2025-09-24 14:00:00;775.8;971.6606887581352;2025-09-23 21:00:00;forecast_consumption_hourly_next7_tallinn_20250924_20250930.csv;2025-09-23;2025-09-23;;195.8606887581352;25.246286253948856;1758722400
2025-09-24 15:00:00;883.9;988.3997247223538;2025-09-23 21:00:00;forecast_consumption_hourly_next7_tallinn_20250924_20250930.csv;2025-09-23;2025-09-23;;104.49972472235379;11.82257322348159;1758726000
2025-09-24 16:00:00;937.1;1011.8782712067576;2025-09-23 21:00:00;forecast_consumption_hourly_next7_tallinn_20250924_20250930.csv;2025-09-23;2025-09-23;;74.77827120675761;7.979753623600214;1758729600
2025-09-24 17:00:00;940.8;1010.6655376212502;2025-09-23 21:00:00;forecast_consumption_hourly_next7_tallinn_20250924_20250930.csv;2025-09-23;2025-09-23;;69.86553762125027;7.42618384579616;1758733200
2025-09-24 18:00:00;919.1;999.1689681273205;2025-09-23 21:00:00;forecast_consumption_hourly_next7_tallinn_20250924_20250930.csv;2025-09-23;2025-09-23;;80.06896812732043;8.711670996335592;1758736800
2025-09-24 19:00:00;866.0;938.5639725327748;2025-09-23 21:00:00;forecast_consumption_hourly_next7_tallinn_20250924_20250930.csv;2025-09-23;2025-09-23;;72.56397253277476;8.379211608865445;1758740400
2025-09-24 20:00:00;796.6;858.3082686085884;2025-09-23 21:00:00;forecast_consumption_hourly_next7_tallinn_20250924_20250930.csv;2025-09-23;2025-09-23;;61.708268608588355;7.746456014133612;1758744000
2025-09-24 21:00:00;740.7;794.0365540499802;2025-09-24 21:00:00;forecast_consumption_hourly_next7_tallinn_20250925_20251001.csv;2025-09-24;2025-09-24;;53.33655404998012;7.200830842443651;1758747600
2025-09-24 22:00:00;700.4;753.444094418404;2025-09-24 21:00:00;forecast_consumption_hourly_next7_tallinn_20250925_20251001.csv;2025-09-24;2025-09-24;;53.04409441840403;7.573400116848092;1758751200
2025-09-24 23:00:00;713.2;738.5537002954017;2025-09-24 21:00:00;forecast_consumption_hourly_next7_tallinn_20250925_20251001.csv;2025-09-24;2025-09-24;;25.35370029540161;3.554921522069771;1758754800
2025-09-25 00:00:00;724.6;739.0014920204716;2025-09-24 21:00:00;forecast_consumption_hourly_next7_tallinn_20250925_20251001.csv;2025-09-24;2025-09-24;;14.40149202047155;1.9875092493060378;1758758400
2025-09-25 01:00:00;737.7;746.4293180191816;2025-09-24 21:00:00;forecast_consumption_hourly_next7_tallinn_20250925_20251001.csv;2025-09-24;2025-09-24;;8.729318019181505;1.1833154424808872;1758762000
2025-09-25 02:00:00;749.8;766.9613319634481;2025-09-24 21:00:00;forecast_consumption_hourly_next7_tallinn_20250925_20251001.csv;2025-09-24;2025-09-24;;17.161331963448106;2.2887879385767014;1758765600
2025-09-25 03:00:00;805.2;870.2006013695774;2025-09-24 21:00:00;forecast_consumption_hourly_next7_tallinn_20250925_20251001.csv;2025-09-24;2025-09-24;;65.00060136957734;8.072603250071701;1758769200
2025-09-25 04:00:00;1002.1;1000.2195573341336;2025-09-24 21:00:00;forecast_consumption_hourly_next7_tallinn_20250925_20251001.csv;2025-09-24;2025-09-24;;-1.8804426658664397;-0.18765020116419914;1758772800
2025-09-25 05:00:00;991.8;1095.9881716830826;2025-09-24 21:00:00;forecast_consumption_hourly_next7_tallinn_20250925_20251001.csv;2025-09-24;2025-09-24;;104.1881716830826;10.50495782245237;1758776400
2025-09-25 06:00:00;937.4;1097.9283661407208;2025-09-24 21:00:00;forecast_consumption_hourly_next7_tallinn_20250925_20251001.csv;2025-09-24;2025-09-24;;160.52836614072078;17.124852372596628;1758780000
2025-09-25 07:00:00;847.2;1078.3535647598765;2025-09-24 21:00:00;forecast_consumption_hourly_next7_tallinn_20250925_20251001.csv;2025-09-24;2025-09-24;;231.15356475987642;27.28441510385699;1758783600
2025-09-25 08:00:00;862.7;1082.4650551675368;2025-09-24 21:00:00;forecast_consumption_hourly_next7_tallinn_20250925_20251001.csv;2025-09-24;2025-09-24;;219.76505516753673;25.47409935870369;1758787200
2025-09-25 09:00:00;801.1;1067.3580360748413;2025-09-24 21:00:00;forecast_consumption_hourly_next7_tallinn_20250925_20251001.csv;2025-09-24;2025-09-24;;266.25803607484124;33.23655424726517;1758790800
2025-09-25 10:00:00;874.3;1076.4293671613343;2025-09-24 21:00:00;forecast_consumption_hourly_next7_tallinn_20250925_20251001.csv;2025-09-24;2025-09-24;;202.12936716133436;23.118994299592174;1758794400
2025-09-25 11:00:00;898.4;1055.2428083166983;2025-09-24 21:00:00;forecast_consumption_hourly_next7_tallinn_20250925_20251001.csv;2025-09-24;2025-09-24;;156.84280831669832;17.458015173274525;1758798000
2025-09-25 12:00:00;869.7;1024.151390722123;2025-09-24 21:00:00;forecast_consumption_hourly_next7_tallinn_20250925_20251001.csv;2025-09-24;2025-09-24;;154.45139072212305;17.759157263668282;1758801600
2025-09-25 13:00:00;854.8;1000.4561884290488;2025-09-24 21:00:00;forecast_consumption_hourly_next7_tallinn_20250925_20251001.csv;2025-09-24;2025-09-24;;145.65618842904883;17.03979742969687;1758805200
2025-09-25 14:00:00;898.8;999.7606172087328;2025-09-24 21:00:00;forecast_consumption_hourly_next7_tallinn_20250925_20251001.csv;2025-09-24;2025-09-24;;100.96061720873286;11.23282345446516;1758808800
2025-09-25 15:00:00;895.0;988.6179156281912;2025-09-24 21:00:00;forecast_consumption_hourly_next7_tallinn_20250925_20251001.csv;2025-09-24;2025-09-24;;93.61791562819121;10.460102304825835;1758812400
2025-09-25 16:00:00;921.1;989.1025818847947;2025-09-24 21:00:00;forecast_consumption_hourly_next7_tallinn_20250925_20251001.csv;2025-09-24;2025-09-24;;68.00258188479472;7.382757777092034;1758816000
2025-09-25 17:00:00;949.5;983.7344098699098;2025-09-24 21:00:00;forecast_consumption_hourly_next7_tallinn_20250925_20251001.csv;2025-09-24;2025-09-24;;34.23440986990977;3.6055197335344675;1758819600
2025-09-25 18:00:00;916.1;971.9619642398352;2025-09-24 21:00:00;forecast_consumption_hourly_next7_tallinn_20250925_20251001.csv;2025-09-24;2025-09-24;;55.861964239835174;6.097802012862698;1758823200
2025-09-25 19:00:00;872.9;922.5168930221616;2025-09-24 21:00:00;forecast_consumption_hourly_next7_tallinn_20250925_20251001.csv;2025-09-24;2025-09-24;;49.61689302216166;5.68414400528831;1758826800
2025-09-25 20:00:00;792.4;846.1760202205148;2025-09-24 21:00:00;forecast_consumption_hourly_next7_tallinn_20250925_20251001.csv;2025-09-24;2025-09-24;;53.77602022051485;6.786474030857503;1758830400
2025-09-25 21:00:00;741.3;789.8638520569406;2025-09-25 21:00:00;forecast_consumption_hourly_next7_tallinn_20250926_20251002.csv;2025-09-25;2025-09-25;;48.56385205694062;6.551173891398977;1758834000
2025-09-25 22:00:00;696.3;734.7038512937975;2025-09-25 21:00:00;forecast_consumption_hourly_next7_tallinn_20250926_20251002.csv;2025-09-25;2025-09-25;;38.403851293797516;5.515417391037989;1758837600
2025-09-25 23:00:00;701.5;712.9204339918624;2025-09-25 21:00:00;forecast_consumption_hourly_next7_tallinn_20250926_20251002.csv;2025-09-25;2025-09-25;;11.42043399186241;1.6280019945634228;1758841200
2025-09-26 00:00:00;725.2;712.0600202081017;2025-09-25 21:00:00;forecast_consumption_hourly_next7_tallinn_20250926_20251002.csv;2025-09-25;2025-09-25;;-13.139979791898327;-1.8119111682154339;1758844800
2025-09-26 01:00:00;723.9;721.1641018526765;2025-09-25 21:00:00;forecast_consumption_hourly_next7_tallinn_20250926_20251002.csv;2025-09-25;2025-09-25;;-2.7358981473234962;-0.3779386859129018;1758848400
2025-09-26 02:00:00;743.8;746.4895603034473;2025-09-25 21:00:00;forecast_consumption_hourly_next7_tallinn_20250926_20251002.csv;2025-09-25;2025-09-25;;2.689560303447365;0.36159724434624435;1758852000
2025-09-26 03:00:00;828.5;833.2575916725569;2025-09-25 21:00:00;forecast_consumption_hourly_next7_tallinn_20250926_20251002.csv;2025-09-25;2025-09-25;;4.757591672556941;0.5742416019984238;1758855600
2025-09-26 04:00:00;992.5;957.9405309599784;2025-09-25 21:00:00;forecast_consumption_hourly_next7_tallinn_20250926_20251002.csv;2025-09-25;2025-09-25;;-34.559469040021554;-3.482062371790585;1758859200
2025-09-26 05:00:00;1067.9;1031.1559232498505;2025-09-25 21:00:00;forecast_consumption_hourly_next7_tallinn_20250926_20251002.csv;2025-09-25;2025-09-25;;-36.74407675014959;-3.440778794844984;1758862800
2025-09-26 06:00:00;1006.1;1044.7424433822102;2025-09-25 21:00:00;forecast_consumption_hourly_next7_tallinn_20250926_20251002.csv;2025-09-25;2025-09-25;;38.64244338221022;3.8408153644975864;1758866400
2025-09-26 07:00:00;927.3;1026.8314681694133;2025-09-25 21:00:00;forecast_consumption_hourly_next7_tallinn_20250926_20251002.csv;2025-09-25;2025-09-25;;99.5314681694133;10.733470092679102;1758870000
2025-09-26 08:00:00;917.3;1060.8969397911867;2025-09-25 21:00:00;forecast_consumption_hourly_next7_tallinn_20250926_20251002.csv;2025-09-25;2025-09-25;;143.59693979118674;15.654305002854764;1758873600
2025-09-26 09:00:00;850.4;1044.4045631725048;2025-09-25 21:00:00;forecast_consumption_hourly_next7_tallinn_20250926_20251002.csv;2025-09-25;2025-09-25;;194.00456317250485;22.8133305706144;1758877200
2025-09-26 10:00:00;868.5;1044.1275094235182;2025-09-25 21:00:00;forecast_consumption_hourly_next7_tallinn_20250926_20251002.csv;2025-09-25;2025-09-25;;175.62750942351818;20.22193545463652;1758880800
2025-09-26 11:00:00;789.2;1001.7367323708668;2025-09-25 21:00:00;forecast_consumption_hourly_next7_tallinn_20250926_20251002.csv;2025-09-25;2025-09-25;;212.53673237086673;26.930655394179766;1758884400
2025-09-26 12:00:00;824.6;985.3250221148376;2025-09-25 21:00:00;forecast_consumption_hourly_next7_tallinn_20250926_20251002.csv;2025-09-25;2025-09-25;;160.72502211483754;19.49127117570186;1758888000
2025-09-26 13:00:00;830.5;932.1424558840936;2025-09-25 21:00:00;forecast_consumption_hourly_next7_tallinn_20250926_20251002.csv;2025-09-25;2025-09-25;;101.64245588409358;12.238706307536855;1758891600
2025-09-26 14:00:00;931.9;930.4531313763622;2025-09-25 21:00:00;forecast_consumption_hourly_next7_tallinn_20250926_20251002.csv;2025-09-25;2025-09-25;;-1.4468686236377835;-0.1552600733595647;1758895200
2025-09-26 15:00:00;903.5;956.2731636040232;2025-09-25 21:00:00;forecast_consumption_hourly_next7_tallinn_20250926_20251002.csv;2025-09-25;2025-09-25;;52.77316360402324;5.840969961707055;1758898800
2025-09-26 16:00:00;929.8;957.89028720577;2025-09-25 21:00:00;forecast_consumption_hourly_next7_tallinn_20250926_20251002.csv;2025-09-25;2025-09-25;;28.090287205770096;3.021110691091643;1758902400
2025-09-26 17:00:00;907.1;950.9002932883946;2025-09-25 21:00:00;forecast_consumption_hourly_next7_tallinn_20250926_20251002.csv;2025-09-25;2025-09-25;;43.80029328839453;4.828606910858178;1758906000
2025-09-26 18:00:00;882.2;942.4770102472506;2025-09-25 21:00:00;forecast_consumption_hourly_next7_tallinn_20250926_20251002.csv;2025-09-25;2025-09-25;;60.27701024725059;6.832578808348512;1758909600
2025-09-26 19:00:00;825.7;884.3168052119266;2025-09-25 21:00:00;forecast_consumption_hourly_next7_tallinn_20250926_20251002.csv;2025-09-25;2025-09-25;;58.61680521192659;7.099043867255248;1758913200
2025-09-26 20:00:00;777.4;820.806309168433;2025-09-25 21:00:00;forecast_consumption_hourly_next7_tallinn_20250926_20251002.csv;2025-09-25;2025-09-25;;43.40630916843304;5.5835231757696215;1758916800
2025-09-26 21:00:00;738.6;658.5907356416549;2025-09-25 21:00:00;forecast_consumption_hourly_next7_tallinn_20250926_20251002.csv;2025-09-25;2025-09-25;;-80.00926435834515;-10.832556777463465;1758920400
2025-09-26 22:00:00;701.8;635.9877325297334;2025-09-25 21:00:00;forecast_consumption_hourly_next7_tallinn_20250926_20251002.csv;2025-09-25;2025-09-25;;-65.81226747026653;-9.377638568006061;1758924000
2025-09-26 23:00:00;700.0;614.7829403413498;2025-09-25 21:00:00;forecast_consumption_hourly_next7_tallinn_20250926_20251002.csv;2025-09-25;2025-09-25;;-85.21705965865021;-12.17386566552146;1758927600
2025-09-27 00:00:00;661.4;602.2021143450504;2025-09-25 21:00:00;forecast_consumption_hourly_next7_tallinn_20250926_20251002.csv;2025-09-25;2025-09-25;;-59.19788565494957;-8.950390936641906;1758931200
2025-09-27 01:00:00;658.7;600.9222234070448;2025-09-25 21:00:00;forecast_consumption_hourly_next7_tallinn_20250926_20251002.csv;2025-09-25;2025-09-25;;-57.777776592955206;-8.77148574357905;1758934800
2025-09-27 02:00:00;670.0;607.8518553053573;2025-09-25 21:00:00;forecast_consumption_hourly_next7_tallinn_20250926_20251002.csv;2025-09-25;2025-09-25;;-62.148144694642724;-9.27584249173772;1758938400
2025-09-27 03:00:00;686.4;627.9217800995858;2025-09-25 21:00:00;forecast_consumption_hourly_next7_tallinn_20250926_20251002.csv;2025-09-25;2025-09-25;;-58.47821990041416;-8.519554181295769;1758942000
2025-09-27 04:00:00;736.7;674.520028790829;2025-09-25 21:00:00;forecast_consumption_hourly_next7_tallinn_20250926_20251002.csv;2025-09-25;2025-09-25;;-62.17997120917107;-8.44033815788938;1758945600
2025-09-27 05:00:00;764.2;728.6379423499055;2025-09-25 21:00:00;forecast_consumption_hourly_next7_tallinn_20250926_20251002.csv;2025-09-25;2025-09-25;;-35.562057650094516;-4.6535013936266045;1758949200
2025-09-27 06:00:00;685.7;792.0896875039105;2025-09-25 21:00:00;forecast_consumption_hourly_next7_tallinn_20250926_20251002.csv;2025-09-25;2025-09-25;;106.38968750391041;15.515486000278607;1758952800
2025-09-27 07:00:00;720.3;818.2773537788099;2025-09-25 21:00:00;forecast_consumption_hourly_next7_tallinn_20250926_20251002.csv;2025-09-25;2025-09-25;;97.97735377880997;13.602298178371509;1758956400
2025-09-27 08:00:00;583.5;846.2444650191436;2025-09-25 21:00:00;forecast_consumption_hourly_next7_tallinn_20250926_20251002.csv;2025-09-25;2025-09-25;;262.7444650191436;45.02904284818228;1758960000
2025-09-27 09:00:00;569.9;876.5218580129296;2025-09-25 21:00:00;forecast_consumption_hourly_next7_tallinn_20250926_20251002.csv;2025-09-25;2025-09-25;;306.6218580129296;53.802747501830076;1758963600
2025-09-27 10:00:00;515.4;865.4899314040989;2025-09-25 21:00:00;forecast_consumption_hourly_next7_tallinn_20250926_20251002.csv;2025-09-25;2025-09-25;;350.08993140409893;67.92586950021321;1758967200
2025-09-27 11:00:00;412.3;828.3315631240656;2025-09-25 21:00:00;forecast_consumption_hourly_next7_tallinn_20250926_20251002.csv;2025-09-25;2025-09-25;;416.0315631240656;100.90506018046703;1758970800
2025-09-27 12:00:00;475.3;816.6924300521683;2025-09-25 21:00:00;forecast_consumption_hourly_next7_tallinn_20250926_20251002.csv;2025-09-25;2025-09-25;;341.3924300521683;71.826726289116;1758974400
2025-09-27 13:00:00;507.7;782.9388668043891;2025-09-25 21:00:00;forecast_consumption_hourly_next7_tallinn_20250926_20251002.csv;2025-09-25;2025-09-25;;275.23886680438915;54.21289478124663;1758978000
2025-09-27 14:00:00;643.0;766.6061963304543;2025-09-25 21:00:00;forecast_consumption_hourly_next7_tallinn_20250926_20251002.csv;2025-09-25;2025-09-25;;123.60619633045428;19.22335868280782;1758981600
2025-09-27 15:00:00;750.1;762.1676803649482;2025-09-25 21:00:00;forecast_consumption_hourly_next7_tallinn_20250926_20251002.csv;2025-09-25;2025-09-25;;12.06768036494816;1.6088095407209917;1758985200
2025-09-27 16:00:00;824.4;774.2455096240874;2025-09-25 21:00:00;forecast_consumption_hourly_next7_tallinn_20250926_20251002.csv;2025-09-25;2025-09-25;;-50.15449037591259;-6.083756717117005;1758988800
2025-09-27 17:00:00;833.6;769.8495315992678;2025-09-25 21:00:00;forecast_consumption_hourly_next7_tallinn_20250926_20251002.csv;2025-09-25;2025-09-25;;-63.75046840073219;-7.647608973216433;1758992400
2025-09-27 18:00:00;819.2;757.6924453811134;2025-09-25 21:00:00;forecast_consumption_hourly_next7_tallinn_20250926_20251002.csv;2025-09-25;2025-09-25;;-61.507554618886616;-7.508246413438307;1758996000
2025-09-27 19:00:00;778.9;719.4489877161566;2025-09-25 21:00:00;forecast_consumption_hourly_next7_tallinn_20250926_20251002.csv;2025-09-25;2025-09-25;;-59.4510122838434;-7.6326886999413786;1758999600
2025-09-27 20:00:00;734.8;675.5261404739463;2025-09-25 21:00:00;forecast_consumption_hourly_next7_tallinn_20250926_20251002.csv;2025-09-25;2025-09-25;;-59.273859526053684;-8.066665694890268;1759003200
2025-09-27 21:00:00;700.1;678.6062695563953;2025-09-25 21:00:00;forecast_consumption_hourly_next7_tallinn_20250926_20251002.csv;2025-09-25;2025-09-25;;-21.493730443604704;-3.0700943356098707;1759006800
2025-09-27 22:00:00;664.2;644.0090565954843;2025-09-25 21:00:00;forecast_consumption_hourly_next7_tallinn_20250926_20251002.csv;2025-09-25;2025-09-25;;-20.190943404515792;-3.039889100348659;1759010400
2025-09-27 23:00:00;658.7;624.4627401909366;2025-09-25 21:00:00;forecast_consumption_hourly_next7_tallinn_20250926_20251002.csv;2025-09-25;2025-09-25;;-34.2372598090634;-5.1977015043363295;1759014000
2025-09-28 00:00:00;655.3;615.0275885916368;2025-09-25 21:00:00;forecast_consumption_hourly_next7_tallinn_20250926_20251002.csv;2025-09-25;2025-09-25;;-40.272411408363155;-6.145644957784703;1759017600
2025-09-28 01:00:00;660.1;614.6699007785712;2025-09-25 21:00:00;forecast_consumption_hourly_next7_tallinn_20250926_20251002.csv;2025-09-25;2025-09-25;;-45.430099221428804;-6.882305593308409;1759021200
2025-09-28 02:00:00;668.9;617.0821596423224;2025-09-25 21:00:00;forecast_consumption_hourly_next7_tallinn_20250926_20251002.csv;2025-09-25;2025-09-25;;-51.817840357677596;-7.746724526487905;1759024800
2025-09-28 03:00:00;683.6;637.3440218728925;2025-09-25 21:00:00;forecast_consumption_hourly_next7_tallinn_20250926_20251002.csv;2025-09-25;2025-09-25;;-46.25597812710748;-6.766526934919175;1759028400
2025-09-28 04:00:00;803.8;693.5068801650065;2025-09-25 21:00:00;forecast_consumption_hourly_next7_tallinn_20250926_20251002.csv;2025-09-25;2025-09-25;;-110.29311983499349;-13.721463029981773;1759032000
2025-09-28 05:00:00;851.8;752.5715775096311;2025-09-25 21:00:00;forecast_consumption_hourly_next7_tallinn_20250926_20251002.csv;2025-09-25;2025-09-25;;-99.22842249036887;-11.649263030097309;1759035600
2025-09-28 06:00:00;787.2;803.3051840982423;2025-09-25 21:00:00;forecast_consumption_hourly_next7_tallinn_20250926_20251002.csv;2025-09-25;2025-09-25;;16.105184098242262;2.0458821263011;1759039200
2025-09-28 07:00:00;699.8;846.8740234641125;2025-09-25 21:00:00;forecast_consumption_hourly_next7_tallinn_20250926_20251002.csv;2025-09-25;2025-09-25;;147.07402346411254;21.016579517592533;1759042800
2025-09-28 08:00:00;686.0;810.3840403431981;2025-09-25 21:00:00;forecast_consumption_hourly_next7_tallinn_20250926_20251002.csv;2025-09-25;2025-09-25;;124.38404034319808;18.131784306588642;1759046400
2025-09-28 09:00:00;795.0;783.2102328547393;2025-09-25 21:00:00;forecast_consumption_hourly_next7_tallinn_20250926_20251002.csv;2025-09-25;2025-09-25;;-11.789767145260726;-1.4829895780202171;1759050000
2025-09-28 10:00:00;790.4;813.8338206510215;2025-09-25 21:00:00;forecast_consumption_hourly_next7_tallinn_20250926_20251002.csv;2025-09-25;2025-09-25;;23.433820651021506;2.9648052443094013;1759053600
2025-09-28 11:00:00;750.9;800.5531671638415;2025-09-25 21:00:00;forecast_consumption_hourly_next7_tallinn_20250926_20251002.csv;2025-09-25;2025-09-25;;49.653167163841545;6.6124873037477085;1759057200
2025-09-28 12:00:00;646.1;759.9878799029959;2025-09-25 21:00:00;forecast_consumption_hourly_next7_tallinn_20250926_20251002.csv;2025-09-25;2025-09-25;;113.8878799029959;17.626974137594164;1759060800
2025-09-28 13:00:00;584.2;769.5700343929224;2025-09-25 21:00:00;forecast_consumption_hourly_next7_tallinn_20250926_20251002.csv;2025-09-25;2025-09-25;;185.37003439292232;31.730577609195876;1759064400
2025-09-28 14:00:00;701.5;769.1070635302526;2025-09-25 21:00:00;forecast_consumption_hourly_next7_tallinn_20250926_20251002.csv;2025-09-25;2025-09-25;;67.60706353025262;9.637500146864236;1759068000
2025-09-28 15:00:00;826.6;788.5490253163427;2025-09-25 21:00:00;forecast_consumption_hourly_next7_tallinn_20250926_20251002.csv;2025-09-25;2025-09-25;;-38.05097468365727;-4.603311720742472;1759071600
2025-09-28 16:00:00;901.2;819.4186427543947;2025-09-25 21:00:00;forecast_consumption_hourly_next7_tallinn_20250926_20251002.csv;2025-09-25;2025-09-25;;-81.78135724560536;-9.074717847936679;1759075200
2025-09-28 17:00:00;917.4;820.1087982150335;2025-09-25 21:00:00;forecast_consumption_hourly_next7_tallinn_20250926_20251002.csv;2025-09-25;2025-09-25;;-97.29120178496646;-10.605101568014659;1759078800
2025-09-28 18:00:00;871.7;811.5147040050978;2025-09-25 21:00:00;forecast_consumption_hourly_next7_tallinn_20250926_20251002.csv;2025-09-25;2025-09-25;;-60.185295994902276;-6.904358838465329;1759082400
2025-09-28 19:00:00;807.2;764.2221671381244;2025-09-25 21:00:00;forecast_consumption_hourly_next7_tallinn_20250926_20251002.csv;2025-09-25;2025-09-25;;-42.97783286187564;-5.324310314900352;1759086000
2025-09-28 20:00:00;747.3;709.4010212668043;2025-09-25 21:00:00;forecast_consumption_hourly_next7_tallinn_20250926_20251002.csv;2025-09-25;2025-09-25;;-37.89897873319569;-5.071454400267053;1759089600
2025-09-28 21:00:00;726.3;743.0297681744106;2025-09-25 21:00:00;forecast_consumption_hourly_next7_tallinn_20250926_20251002.csv;2025-09-25;2025-09-25;;16.72976817441065;2.303423953519297;1759093200
2025-09-28 22:00:00;701.4;703.8519946733146;2025-09-25 21:00:00;forecast_consumption_hourly_next7_tallinn_20250926_20251002.csv;2025-09-25;2025-09-25;;2.45199467331463;0.3495857817671272;1759096800
2025-09-28 23:00:00;680.1;691.3284232578272;2025-09-25 21:00:00;forecast_consumption_hourly_next7_tallinn_20250926_20251002.csv;2025-09-25;2025-09-25;;11.228423257827217;1.6509959208685805;1759100400
2025-09-29 00:00:00;676.5;687.9504461875352;2025-09-25 21:00:00;forecast_consumption_hourly_next7_tallinn_20250926_20251002.csv;2025-09-25;2025-09-25;;11.450446187535249;1.6926010624590169;1759104000
2025-09-29 01:00:00;691.5;693.7838432842855;2025-09-25 21:00:00;forecast_consumption_hourly_next7_tallinn_20250926_20251002.csv;2025-09-25;2025-09-25;;2.2838432842854672;0.33027379382291644;1759107600
2025-09-29 02:00:00;737.1;722.2785798857167;2025-09-25 21:00:00;forecast_consumption_hourly_next7_tallinn_20250926_20251002.csv;2025-09-25;2025-09-25;;-14.821420114283342;-2.0107746729457796;1759111200
2025-09-29 03:00:00;846.9;816.1198598761915;2025-09-25 21:00:00;forecast_consumption_hourly_next7_tallinn_20250926_20251002.csv;2025-09-25;2025-09-25;;-30.78014012380845;-3.634448001394315;1759114800
2025-09-29 04:00:00;1029.8;956.7583016512516;2025-09-25 21:00:00;forecast_consumption_hourly_next7_tallinn_20250926_20251002.csv;2025-09-25;2025-09-25;;-73.04169834874835;-7.092804267697452;1759118400
2025-09-29 05:00:00;1031.6;1059.1067205590791;2025-09-25 21:00:00;forecast_consumption_hourly_next7_tallinn_20250926_20251002.csv;2025-09-25;2025-09-25;;27.506720559079213;2.666413392698644;1759122000
2025-09-29 06:00:00;883.3;1113.0902003765138;2025-09-25 21:00:00;forecast_consumption_hourly_next7_tallinn_20250926_20251002.csv;2025-09-25;2025-09-25;;229.7902003765139;26.014966645139125;1759125600
2025-09-29 07:00:00;707.3;1140.4966455224226;2025-09-25 21:00:00;forecast_consumption_hourly_next7_tallinn_20250926_20251002.csv;2025-09-25;2025-09-25;;433.1966455224226;61.246521351961356;1759129200
2025-09-29 08:00:00;657.4;1121.9907798291165;2025-09-25 21:00:00;forecast_consumption_hourly_next7_tallinn_20250926_20251002.csv;2025-09-25;2025-09-25;;464.5907798291165;70.6709430832243;1759132800
2025-09-29 09:00:00;719.8;1132.5260013347415;2025-09-25 21:00:00;forecast_consumption_hourly_next7_tallinn_20250926_20251002.csv;2025-09-25;2025-09-25;;412.72600133474157;57.338983236279745;1759136400
2025-09-29 10:00:00;658.7;1134.34538823539;2025-09-25 21:00:00;forecast_consumption_hourly_next7_tallinn_20250926_20251002.csv;2025-09-25;2025-09-25;;475.6453882353899;72.2097143214498;1759140000
2025-09-29 11:00:00;576.2;1113.4687324245847;2025-09-25 21:00:00;forecast_consumption_hourly_next7_tallinn_20250926_20251002.csv;2025-09-25;2025-09-25;;537.2687324245846;93.24344540516914;1759143600
2025-09-29 12:00:00;577.8;1065.8382079187943;2025-09-25 21:00:00;forecast_consumption_hourly_next7_tallinn_20250926_20251002.csv;2025-09-25;2025-09-25;;488.03820791879434;84.46490272045594;1759147200
2025-09-29 13:00:00;620.3;992.9020524111278;2025-09-25 21:00:00;forecast_consumption_hourly_next7_tallinn_20250926_20251002.csv;2025-09-25;2025-09-25;;372.60205241112783;60.06804004693339;1759150800
2025-09-29 14:00:00;790.0;973.4441193606256;2025-09-25 21:00:00;forecast_consumption_hourly_next7_tallinn_20250926_20251002.csv;2025-09-25;2025-09-25;;183.44411936062556;23.22077460261083;1759154400
2025-09-29 15:00:00;902.5;979.1918549605616;2025-09-25 21:00:00;forecast_consumption_hourly_next7_tallinn_20250926_20251002.csv;2025-09-25;2025-09-25;;76.69185496056161;8.497712461004056;1759158000
2025-09-29 16:00:00;949.1;980.0022525836578;2025-09-25 21:00:00;forecast_consumption_hourly_next7_tallinn_20250926_20251002.csv;2025-09-25;2025-09-25;;30.90225258365774;3.255953280334816;1759161600
2025-09-29 17:00:00;969.8;965.646057835836;2025-09-25 21:00:00;forecast_consumption_hourly_next7_tallinn_20250926_20251002.csv;2025-09-25;2025-09-25;;-4.1539421641639365;-0.42832977564074415;1759165200
2025-09-29 18:00:00;970.1;948.3812285020374;2025-09-25 21:00:00;forecast_consumption_hourly_next7_tallinn_20250926_20251002.csv;2025-09-25;2025-09-25;;-21.71877149796262;-2.2388178020784064;1759168800
2025-09-29 19:00:00;900.3;893.2365032292121;2025-09-25 21:00:00;forecast_consumption_hourly_next7_tallinn_20250926_20251002.csv;2025-09-25;2025-09-25;;-7.063496770787879;-0.7845714507150815;1759172400
2025-09-29 20:00:00;836.1;820.8120379257682;2025-09-25 21:00:00;forecast_consumption_hourly_next7_tallinn_20250926_20251002.csv;2025-09-25;2025-09-25;;-15.287962074231814;-1.8284848791091752;1759176000
2025-09-29 21:00:00;;772.6700256785477;2025-09-25 21:00:00;forecast_consumption_hourly_next7_tallinn_20250926_20251002.csv;2025-09-25;2025-09-25;;;;1759179600
2025-09-29 22:00:00;;739.6789956385139;2025-09-25 21:00:00;forecast_consumption_hourly_next7_tallinn_20250926_20251002.csv;2025-09-25;2025-09-25;;;;1759183200
2025-09-29 23:00:00;;715.7002145900497;2025-09-25 21:00:00;forecast_consumption_hourly_next7_tallinn_20250926_20251002.csv;2025-09-25;2025-09-25;;;;1759186800
2025-09-30 00:00:00;;705.7439682171878;2025-09-25 21:00:00;forecast_consumption_hourly_next7_tallinn_20250926_20251002.csv;2025-09-25;2025-09-25;;;;1759190400
2025-09-30 01:00:00;;711.0574387606478;2025-09-25 21:00:00;forecast_consumption_hourly_next7_tallinn_20250926_20251002.csv;2025-09-25;2025-09-25;;;;1759194000
2025-09-30 02:00:00;;744.7925045215732;2025-09-25 21:00:00;forecast_consumption_hourly_next7_tallinn_20250926_20251002.csv;2025-09-25;2025-09-25;;;;1759197600
2025-09-30 03:00:00;;852.1531766133378;2025-09-25 21:00:00;forecast_consumption_hourly_next7_tallinn_20250926_20251002.csv;2025-09-25;2025-09-25;;;;1759201200
2025-09-30 04:00:00;;999.105743393554;2025-09-25 21:00:00;forecast_consumption_hourly_next7_tallinn_20250926_20251002.csv;2025-09-25;2025-09-25;;;;1759204800
2025-09-30 05:00:00;;1085.4074141710971;2025-09-25 21:00:00;forecast_consumption_hourly_next7_tallinn_20250926_20251002.csv;2025-09-25;2025-09-25;;;;1759208400
2025-09-30 06:00:00;;1084.347333285589;2025-09-25 21:00:00;forecast_consumption_hourly_next7_tallinn_20250926_20251002.csv;2025-09-25;2025-09-25;;;;1759212000
2025-09-30 07:00:00;;1070.8839827119602;2025-09-25 21:00:00;forecast_consumption_hourly_next7_tallinn_20250926_20251002.csv;2025-09-25;2025-09-25;;;;1759215600
2025-09-30 08:00:00;;1065.4013411859362;2025-09-25 21:00:00;forecast_consumption_hourly_next7_tallinn_20250926_20251002.csv;2025-09-25;2025-09-25;;;;1759219200
2025-09-30 09:00:00;;1084.4240307319196;2025-09-25 21:00:00;forecast_consumption_hourly_next7_tallinn_20250926_20251002.csv;2025-09-25;2025-09-25;;;;1759222800
2025-09-30 10:00:00;;1108.149430247474;2025-09-25 21:00:00;forecast_consumption_hourly_next7_tallinn_20250926_20251002.csv;2025-09-25;2025-09-25;;;;1759226400
2025-09-30 11:00:00;;1087.0257480259784;2025-09-25 21:00:00;forecast_consumption_hourly_next7_tallinn_20250926_20251002.csv;2025-09-25;2025-09-25;;;;1759230000
2025-09-30 12:00:00;;1032.376235941232;2025-09-25 21:00:00;forecast_consumption_hourly_next7_tallinn_20250926_20251002.csv;2025-09-25;2025-09-25;;;;1759233600
2025-09-30 13:00:00;;987.3047892750368;2025-09-25 21:00:00;forecast_consumption_hourly_next7_tallinn_20250926_20251002.csv;2025-09-25;2025-09-25;;;;1759237200
2025-09-30 14:00:00;;985.9203461019856;2025-09-25 21:00:00;forecast_consumption_hourly_next7_tallinn_20250926_20251002.csv;2025-09-25;2025-09-25;;;;1759240800
2025-09-30 15:00:00;;994.70646356309;2025-09-25 21:00:00;forecast_consumption_hourly_next7_tallinn_20250926_20251002.csv;2025-09-25;2025-09-25;;;;1759244400
2025-09-30 16:00:00;;981.253116767588;2025-09-25 21:00:00;forecast_consumption_hourly_next7_tallinn_20250926_20251002.csv;2025-09-25;2025-09-25;;;;1759248000
2025-09-30 17:00:00;;971.3301450082744;2025-09-25 21:00:00;forecast_consumption_hourly_next7_tallinn_20250926_20251002.csv;2025-09-25;2025-09-25;;;;1759251600
2025-09-30 18:00:00;;958.6271237786108;2025-09-25 21:00:00;forecast_consumption_hourly_next7_tallinn_20250926_20251002.csv;2025-09-25;2025-09-25;;;;1759255200
2025-09-30 19:00:00;;907.829871049379;2025-09-25 21:00:00;forecast_consumption_hourly_next7_tallinn_20250926_20251002.csv;2025-09-25;2025-09-25;;;;1759258800
2025-09-30 20:00:00;;825.7705607414376;2025-09-25 21:00:00;forecast_consumption_hourly_next7_tallinn_20250926_20251002.csv;2025-09-25;2025-09-25;;;;1759262400
2025-09-30 21:00:00;;809.9596467456976;2025-09-25 21:00:00;forecast_consumption_hourly_next7_tallinn_20250926_20251002.csv;2025-09-25;2025-09-25;;;;1759266000
2025-09-30 22:00:00;;775.8425204912322;2025-09-25 21:00:00;forecast_consumption_hourly_next7_tallinn_20250926_20251002.csv;2025-09-25;2025-09-25;;;;1759269600
2025-09-30 23:00:00;;758.4755105965806;2025-09-25 21:00:00;forecast_consumption_hourly_next7_tallinn_20250926_20251002.csv;2025-09-25;2025-09-25;;;;1759273200
2025-10-01 00:00:00;;754.6177257163258;2025-09-25 21:00:00;forecast_consumption_hourly_next7_tallinn_20250926_20251002.csv;2025-09-25;2025-09-25;;;;1759276800
2025-10-01 01:00:00;;761.0674917329733;2025-09-25 21:00:00;forecast_consumption_hourly_next7_tallinn_20250926_20251002.csv;2025-09-25;2025-09-25;;;;1759280400
2025-10-01 02:00:00;;778.6840123477156;2025-09-25 21:00:00;forecast_consumption_hourly_next7_tallinn_20250926_20251002.csv;2025-09-25;2025-09-25;;;;1759284000
2025-10-01 03:00:00;;901.4250756226888;2025-09-25 21:00:00;forecast_consumption_hourly_next7_tallinn_20250926_20251002.csv;2025-09-25;2025-09-25;;;;1759287600
2025-10-01 04:00:00;;1032.6213703188555;2025-09-25 21:00:00;forecast_consumption_hourly_next7_tallinn_20250926_20251002.csv;2025-09-25;2025-09-25;;;;1759291200
2025-10-01 05:00:00;;1086.4972718932738;2025-09-25 21:00:00;forecast_consumption_hourly_next7_tallinn_20250926_20251002.csv;2025-09-25;2025-09-25;;;;1759294800
2025-10-01 06:00:00;;1046.30023859921;2025-09-25 21:00:00;forecast_consumption_hourly_next7_tallinn_20250926_20251002.csv;2025-09-25;2025-09-25;;;;1759298400
2025-10-01 07:00:00;;997.2435442239084;2025-09-25 21:00:00;forecast_consumption_hourly_next7_tallinn_20250926_20251002.csv;2025-09-25;2025-09-25;;;;1759302000
2025-10-01 08:00:00;;1019.7466959138806;2025-09-25 21:00:00;forecast_consumption_hourly_next7_tallinn_20250926_20251002.csv;2025-09-25;2025-09-25;;;;1759305600
2025-10-01 09:00:00;;995.0246085868848;2025-09-25 21:00:00;forecast_consumption_hourly_next7_tallinn_20250926_20251002.csv;2025-09-25;2025-09-25;;;;1759309200
2025-10-01 10:00:00;;1011.4377137430048;2025-09-25 21:00:00;forecast_consumption_hourly_next7_tallinn_20250926_20251002.csv;2025-09-25;2025-09-25;;;;1759312800
2025-10-01 11:00:00;;955.333876518296;2025-09-25 21:00:00;forecast_consumption_hourly_next7_tallinn_20250926_20251002.csv;2025-09-25;2025-09-25;;;;1759316400
2025-10-01 12:00:00;;922.877988611706;2025-09-25 21:00:00;forecast_consumption_hourly_next7_tallinn_20250926_20251002.csv;2025-09-25;2025-09-25;;;;1759320000
2025-10-01 13:00:00;;891.6980818489221;2025-09-25 21:00:00;forecast_consumption_hourly_next7_tallinn_20250926_20251002.csv;2025-09-25;2025-09-25;;;;1759323600
2025-10-01 14:00:00;;921.2998554208706;2025-09-25 21:00:00;forecast_consumption_hourly_next7_tallinn_20250926_20251002.csv;2025-09-25;2025-09-25;;;;1759327200
2025-10-01 15:00:00;;980.445095858552;2025-09-25 21:00:00;forecast_consumption_hourly_next7_tallinn_20250926_20251002.csv;2025-09-25;2025-09-25;;;;1759330800
2025-10-01 16:00:00;;1014.1342689628198;2025-09-25 21:00:00;forecast_consumption_hourly_next7_tallinn_20250926_20251002.csv;2025-09-25;2025-09-25;;;;1759334400
2025-10-01 17:00:00;;1018.6542018362732;2025-09-25 21:00:00;forecast_consumption_hourly_next7_tallinn_20250926_20251002.csv;2025-09-25;2025-09-25;;;;1759338000
2025-10-01 18:00:00;;1002.7859763471912;2025-09-25 21:00:00;forecast_consumption_hourly_next7_tallinn_20250926_20251002.csv;2025-09-25;2025-09-25;;;;1759341600
2025-10-01 19:00:00;;939.4166976982456;2025-09-25 21:00:00;forecast_consumption_hourly_next7_tallinn_20250926_20251002.csv;2025-09-25;2025-09-25;;;;1759345200
2025-10-01 20:00:00;;858.7905303648919;2025-09-25 21:00:00;forecast_consumption_hourly_next7_tallinn_20250926_20251002.csv;2025-09-25;2025-09-25;;;;1759348800
2025-10-01 21:00:00;;778.8593136776076;2025-09-25 21:00:00;forecast_consumption_hourly_next7_tallinn_20250926_20251002.csv;2025-09-25;2025-09-25;;;;1759352400
2025-10-01 22:00:00;;739.0427396321444;2025-09-25 21:00:00;forecast_consumption_hourly_next7_tallinn_20250926_20251002.csv;2025-09-25;2025-09-25;;;;1759356000
2025-10-01 23:00:00;;724.436960983948;2025-09-25 21:00:00;forecast_consumption_hourly_next7_tallinn_20250926_20251002.csv;2025-09-25;2025-09-25;;;;1759359600
2025-10-02 00:00:00;;724.8761936035038;2025-09-25 21:00:00;forecast_consumption_hourly_next7_tallinn_20250926_20251002.csv;2025-09-25;2025-09-25;;;;1759363200
2025-10-02 01:00:00;;732.1620438958669;2025-09-25 21:00:00;forecast_consumption_hourly_next7_tallinn_20250926_20251002.csv;2025-09-25;2025-09-25;;;;1759366800
2025-10-02 02:00:00;;752.3016082616201;2025-09-25 21:00:00;forecast_consumption_hourly_next7_tallinn_20250926_20251002.csv;2025-09-25;2025-09-25;;;;1759370400
2025-10-02 03:00:00;;853.5675589336772;2025-09-25 21:00:00;forecast_consumption_hourly_next7_tallinn_20250926_20251002.csv;2025-09-25;2025-09-25;;;;1759374000
2025-10-02 04:00:00;;981.1013283692582;2025-09-25 21:00:00;forecast_consumption_hourly_next7_tallinn_20250926_20251002.csv;2025-09-25;2025-09-25;;;;1759377600
2025-10-02 05:00:00;;1075.0394183264905;2025-09-25 21:00:00;forecast_consumption_hourly_next7_tallinn_20250926_20251002.csv;2025-09-25;2025-09-25;;;;1759381200
2025-10-02 06:00:00;;1076.9425278445217;2025-09-25 21:00:00;forecast_consumption_hourly_next7_tallinn_20250926_20251002.csv;2025-09-25;2025-09-25;;;;1759384800
2025-10-02 07:00:00;;1057.7418798502983;2025-09-25 21:00:00;forecast_consumption_hourly_next7_tallinn_20250926_20251002.csv;2025-09-25;2025-09-25;;;;1759388400
2025-10-02 08:00:00;;1061.7747830973456;2025-09-25 21:00:00;forecast_consumption_hourly_next7_tallinn_20250926_20251002.csv;2025-09-25;2025-09-25;;;;1759392000
2025-10-02 09:00:00;;1046.956520056132;2025-09-25 21:00:00;forecast_consumption_hourly_next7_tallinn_20250926_20251002.csv;2025-09-25;2025-09-25;;;;1759395600
2025-10-02 10:00:00;;1055.854461426881;2025-09-25 21:00:00;forecast_consumption_hourly_next7_tallinn_20250926_20251002.csv;2025-09-25;2025-09-25;;;;1759399200
2025-10-02 11:00:00;;1035.0728631531513;2025-09-25 21:00:00;forecast_consumption_hourly_next7_tallinn_20250926_20251002.csv;2025-09-25;2025-09-25;;;;1759402800
2025-10-02 12:00:00;;1004.5757279199408;2025-09-25 21:00:00;forecast_consumption_hourly_next7_tallinn_20250926_20251002.csv;2025-09-25;2025-09-25;;;;1759406400
2025-10-02 13:00:00;;981.3334364897728;2025-09-25 21:00:00;forecast_consumption_hourly_next7_tallinn_20250926_20251002.csv;2025-09-25;2025-09-25;;;;1759410000
2025-10-02 14:00:00;;980.651160440256;2025-09-25 21:00:00;forecast_consumption_hourly_next7_tallinn_20250926_20251002.csv;2025-09-25;2025-09-25;;;;1759413600
2025-10-02 15:00:00;;969.7214408180672;2025-09-25 21:00:00;forecast_consumption_hourly_next7_tallinn_20250926_20251002.csv;2025-09-25;2025-09-25;;;;1759417200
2025-10-02 16:00:00;;970.1968431481685;2025-09-25 21:00:00;forecast_consumption_hourly_next7_tallinn_20250926_20251002.csv;2025-09-25;2025-09-25;;;;1759420800
2025-10-02 17:00:00;;964.9312785467768;2025-09-25 21:00:00;forecast_consumption_hourly_next7_tallinn_20250926_20251002.csv;2025-09-25;2025-09-25;;;;1759424400
2025-10-02 18:00:00;;953.3838518231832;2025-09-25 21:00:00;forecast_consumption_hourly_next7_tallinn_20250926_20251002.csv;2025-09-25;2025-09-25;;;;1759428000
2025-10-02 19:00:00;;904.883875295763;2025-09-25 21:00:00;forecast_consumption_hourly_next7_tallinn_20250926_20251002.csv;2025-09-25;2025-09-25;;;;1759431600
2025-10-02 20:00:00;;830.0021844056262;2025-09-25 21:00:00;forecast_consumption_hourly_next7_tallinn_20250926_20251002.csv;2025-09-25;2025-09-25;;;;1759435200
